domain,job_count,weighted_job_count,confidence_score,weighted_avg_min,data_confidence,original_pct,unique_skills,total_weighted_skill_mentions,composite_confidence,demand_score,salary_score,diversity_score,raw_opportunity_score,opportunity_score,rank
AI/ML,2762,2235.7,0.809,2238731.0,0.631,7.83,40,16353.5,0.574,0.062144026563977196,0.7452595291442553,1.0,0.522961422283293,0.3002,1
Cloud Computing,2026,1696.7,0.837,2545249.0,0.635,8.68,34,12454.3,0.586,0.0,1.0,0.14285714285714285,0.4285714285714286,0.2511,2
Software Engineering,16074,10370.1,0.645,1478505.0,0.612,3.11,33,77882.8,0.506,1.0,0.11345216645501871,0.0,0.4453808665820075,0.2254,3
Data Science,6618,4996.0,0.755,1646574.0,0.613,3.21,38,37124.7,0.539,0.3803929254963452,0.25313067210967577,0.7142857142857143,0.39626658189955133,0.2136,4
DevOps,4636,3543.2999999999997,0.764,2006580.0,0.622,5.4,35,25101.4,0.551,0.21290382087762583,0.5523238612564575,0.2857142857142857,0.3632339299964905,0.2001,5
Cybersecurity,3132,2408.9,0.769,1976711.0,0.623,5.71,35,17875.5,0.554,0.08211312749325525,0.5275003822960368,0.2857142857142857,0.30098826105857396,0.1667,6
Web Development,3042,2217.6,0.729,1341993.0,0.616,4.01,35,15967.1,0.535,0.060057186339843645,0.0,0.2857142857142857,0.0811657316787946,0.0434,7
